<?xml version="1.0" encoding="UTF-8"?>
<?xml-stylesheet type="text/xsl" href="CDASchemas\cda\Schemas\ccr.xsl"?>
<!-- The following sample document is fictional. Any resemblance to a real person is coincidental. -->
<ContinuityOfCareRecord xmlns="urn:astm-org:CCR" xmlns:xsi="http://www.w3.org/2001/XMLSchema-instance" xsi:schemaLocation="urn:astm-org:CCR CCR_20051109.xsd">
	<!-- 
********************************************************
  CCR Header
********************************************************
-->
	<CCRDocumentObjectID>db734647-fc99-424c-a864-7e3cda82e703</CCRDocumentObjectID>
	<Language>
		<Text>English</Text>
		<Code>
			<Value>en-US</Value>
			<CodingSystem>IETF1766</CodingSystem>
		</Code>
	</Language>
	<Version>V1.0</Version>
	<DateTime>
		<ExactDateTime>2000-04-07T13:00:00+0500</ExactDateTime>
	</DateTime>
	<Patient>
		<ActorID>2-16-840-1-113883-19-5-996756495</ActorID>
	</Patient>
	<From>
		<ActorLink>
			<ActorID>8a54f393-8015-460c-abd2-f29aad15481c</ActorID>
			<ActorRole>
				<Text>author</Text>
			</ActorRole>
		</ActorLink>
	</From>
	<Purpose>
		<Description>
			<Text>Transfer of care</Text>
			<Code>
				<Value>308292007</Value>
				<CodingSystem>SNOMED CT</CodingSystem>
			</Code>
		</Description>
	</Purpose>
	<!-- 
********************************************************
  CCR Body
********************************************************
-->
	<Body>
		<!-- 
********************************************************
  Payers
********************************************************
-->
		<Payers>
			<Payer>
				<CCRDataObjectID>1fe2cdd0-7aad-11db-9fe1-0800200c9a66</CCRDataObjectID>	
				<Type>
					<Text>Extended healthcare</Text>
					<Code>
						<Value>EHCPOL</Value>
						<CodingSystem>ActCode</CodingSystem>
					</Code>
				</Type>
				<Source><Actor><ActorID>8a54f393-8015-460c-abd2-f29aad15481c</ActorID></Actor></Source>
				<PaymentProvider>
					<ActorID>329fcdf0-7ab3-11db-9fe1-0800200c9a66</ActorID>
				</PaymentProvider>
				<Subscriber>
					<ActorID>2-16-840-1-113883-19-5-996756495</ActorID>
					<ActorRole><Text>Covered party</Text></ActorRole>
				</Subscriber>
				<Authorizations>
					<Authorization>
						<CCRDataObjectID>f4dce790-8328-11db-9fe1-0800200c9a66</CCRDataObjectID>
						<Description>
							<Text>Colonoscopy</Text>
							<Code>
								<Value>73761001</Value>
								<CodingSystem>SNOMED CT</CodingSystem>
							</Code>
						</Description>
						<Source><Actor><ActorID>8a54f393-8015-460c-abd2-f29aad15481c</ActorID></Actor></Source>
					</Authorization>
				</Authorizations>
			</Payer>
		</Payers>
		<!-- 
********************************************************
  Advance Directives section
********************************************************
-->
		<AdvanceDirectives>
			<AdvanceDirective>
				<CCRDataObjectID>9b54c3c9-1673-49c7-aef9-b037ed72ed27</CCRDataObjectID>
				<DateTime>
					<Type>
						<Text>Verified With Patient</Text>
					</Type>
					<ExactDateTime>1999-11-07</ExactDateTime>
				</DateTime>
				<Type>
					<Text>Resuscitation status</Text>
					<Code>
						<Value>304251008</Value>
						<CodingSystem>SNOMED CT</CodingSystem>
					</Code>
				</Type>
				<Description>
					<Text>Do not resuscitate</Text>
					<Code>
						<Value>304253006</Value>
						<CodingSystem>SNOMED CT</CodingSystem>
					</Code>
				</Description>
				<Status>
					<Text>Current and verified</Text>
					<Code>
						<Value>15240007</Value>
						<CodingSystem>SNOMED CT</CodingSystem>
					</Code>
				</Status>
				<Source><Actor><ActorID>8a54f393-8015-460c-abd2-f29aad15481c</ActorID></Actor></Source>
				<ReferenceID>b50b7910-7ffb-4f4c-bbe4-177ed68cbbf3</ReferenceID>
			</AdvanceDirective>
		</AdvanceDirectives>
		<!-- 
********************************************************
  Supporters
********************************************************
-->
		<Support>
			<SupportProvider>
				<ActorID>4ff51570-83a9-47b7-91f2-93ba30373141</ActorID>
				<ActorRole>
					<Text>Guardian</Text>
				</ActorRole>
			</SupportProvider>	
			<SupportProvider>
				<ActorID>4ac71514-6a10-4164-9715-f8d96af48e6d</ActorID>
				<ActorRole>
					<Text>Next of Kin</Text>
				</ActorRole>
			</SupportProvider>
		</Support>
		<!-- 
********************************************************
  Functional Status section
********************************************************
-->
		<FunctionalStatus>
			<Function>
				<CCRDataObjectID>6z2fa88d-4174-4909-aece-db44b60a3abb</CCRDataObjectID>
				<Type>
					<Text>Ambulatory Status</Text>
				</Type>
				<Source><Actor><ActorID>8a54f393-8015-460c-abd2-f29aad15481c</ActorID></Actor></Source>
				<Problem>
					<CCRDataObjectID>fd07111a-b15b-4dce-8518-1274d07f142a</CCRDataObjectID>
					<DateTime>
						<ExactDateTime>1998</ExactDateTime>
					</DateTime>
					<Description>
						<Text>Dependence on cane</Text>
						<Code>
							<Value>105504002</Value>
							<CodingSystem>SNOMED CT</CodingSystem>
						</Code>
					</Description>
					<Status>
						<Text>Active</Text>
						<Code>
							<Value>55561003</Value>
							<CodingSystem>SNOMED CT</CodingSystem>
						</Code>
					</Status>
					<Source><Actor><ActorID>8a54f393-8015-460c-abd2-f29aad15481c</ActorID></Actor></Source>
				</Problem>
				<Problem>
					<CCRDataObjectID>6be2930a-c080-11db-8314-0800200c9a66</CCRDataObjectID>
					<DateTime>
						<ExactDateTime>1999</ExactDateTime>
					</DateTime>
					<Description>
						<Text>Memory impairment</Text>
						<Code>
							<Value>386807006</Value>
							<CodingSystem>SNOMED CT</CodingSystem>
						</Code>
					</Description>
					<Status>
						<Text>Active</Text>
						<Code>
							<Value>55561003</Value>
							<CodingSystem>SNOMED CT</CodingSystem>
						</Code>
					</Status>
					<Source><Actor><ActorID>8a54f393-8015-460c-abd2-f29aad15481c</ActorID></Actor></Source>
				</Problem>
			</Function>
		</FunctionalStatus>
		<!-- 
********************************************************
  Problems section
********************************************************
-->
		<Problems>
			<Problem>
				<CCRDataObjectID>6a2fa88d-4174-4909-aece-db44b60a3abb</CCRDataObjectID>
				<DateTime>
					<ExactDateTime>1950</ExactDateTime>
				</DateTime>
				<Description>
					<Text>Asthma</Text>
					<Code>
						<Value>195967001</Value>
						<CodingSystem>SNOMED CT</CodingSystem>
					</Code>
				</Description>
				<Status>
					<Text>Active</Text>
					<Code>
						<Value>55561003</Value>
						<CodingSystem>SNOMED CT</CodingSystem>
					</Code>
				</Status>
				<Source><Actor><ActorID>8a54f393-8015-460c-abd2-f29aad15481c</ActorID></Actor></Source>
			</Problem>
			<Problem>
				<CCRDataObjectID>e522ccc0-835a-11db-9fe1-0800200c9a66</CCRDataObjectID>
				<Description>
					<Text>Pneumonia</Text>
					<Code>
						<Value>233604007</Value>
						<CodingSystem>SNOMED CT</CodingSystem>
					</Code>
				</Description>
				<Source><Actor><ActorID>8a54f393-8015-460c-abd2-f29aad15481c</ActorID></Actor></Source>
				<Episodes>
					<Episode>
						<CCRDataObjectID>ec8a6ff8-ed4b-4f7e-82c3-e98e58b45de7</CCRDataObjectID>
						<DateTime>
							<ExactDateTime>1997-01</ExactDateTime>
						</DateTime>
						<Status>
							<Text>Resolved</Text>
							<Code>
								<Value>413322009</Value>
								<CodingSystem>SNOMED CT</CodingSystem>
							</Code>
						</Status>
						<Source><Actor><ActorID>8a54f393-8015-460c-abd2-f29aad15481c</ActorID></Actor></Source>
					</Episode>
					<Episode>
						<CCRDataObjectID>d11275e9-67ae-11db-bd13-0800200c9a66</CCRDataObjectID>
						<DateTime>
							<ExactDateTime>1999-03</ExactDateTime>
						</DateTime>
						<Status>
							<Text>Resolved</Text>
							<Code>
								<Value>413322009</Value>
								<CodingSystem>SNOMED CT</CodingSystem>
							</Code>
						</Status>
						<Source><Actor><ActorID>8a54f393-8015-460c-abd2-f29aad15481c</ActorID></Actor></Source>
					</Episode>
					<Source><Actor><ActorID>8a54f393-8015-460c-abd2-f29aad15481c</ActorID></Actor></Source>
				</Episodes>
			</Problem>
			<Problem>
				<CCRDataObjectID>5a2c903c-bd77-4bd1-ad9d-452383fbfefa</CCRDataObjectID>
				<DateTime>
					<ExactDateTime>1997-01</ExactDateTime>
				</DateTime>
				<Description>
					<Text>Myocardial infarction</Text>
					<Code>
						<Value>22298006</Value>
						<CodingSystem>SNOMED CT</CodingSystem>
					</Code>
				</Description>
				<Status>
					<Text>Resolved</Text>
					<Code>
						<Value>413322009</Value>
						<CodingSystem>SNOMED CT</CodingSystem>
					</Code>
				</Status>
				<Source><Actor><ActorID>8a54f393-8015-460c-abd2-f29aad15481c</ActorID></Actor></Source>
			</Problem>
		</Problems>
		<!-- 
********************************************************
  Family History section
********************************************************
-->
		<FamilyHistory>
			<FamilyProblemHistory>
				<CCRDataObjectID>8a54f393-8015-460c-abd2-f29aad15481x</CCRDataObjectID>
				<Source><Actor><ActorID>8a54f393-8015-460c-abd2-f29aad15481c</ActorID></Actor></Source>
				<FamilyMember>
					<ActorID>8854f393-8015-460c-abd2-f29aad15481c</ActorID>
					<ActorRole>
						<Text>Father</Text>
					</ActorRole>
					<HealthStatus>
						<Description>
							<Text>Deceased</Text>
						</Description>
						<CauseOfDeath>Yes</CauseOfDeath>
						<Source><Actor><ActorID>8a54f393-8015-460c-abd2-f29aad15481c</ActorID></Actor></Source>
					</HealthStatus>
					<Source><Actor><ActorID>8a54f393-8015-460c-abd2-f29aad15481c</ActorID></Actor></Source>
				</FamilyMember>
				<Problem>
					<Description>
						<Text>Myocardial Infarction</Text>
						<Code>
							<Value>22298006</Value>
							<CodingSystem>SNOMED CT</CodingSystem>
						</Code>
					</Description>
					<Episodes>
						<Number>1</Number>
						<Episode>
							<CCRDataObjectID>d42ebf70-5c89-11db-b0de-0800200c9a66</CCRDataObjectID>
							<DateTime>
								<Type>
									<Text>Age At Onset</Text>
								</Type>
								<Age>
									<Value>57</Value>
									<Units>
										<Unit>Years</Unit>
									</Units>
								</Age>
							</DateTime>
							<Source><Actor><ActorID>8a54f393-8015-460c-abd2-f29aad15481c</ActorID></Actor></Source>
						</Episode>
						<Source><Actor><ActorID>8a54f393-8015-460c-abd2-f29aad15481c</ActorID></Actor></Source>
					</Episodes>
					<Source><Actor><ActorID>8a54f393-8015-460c-abd2-f29aad15481c</ActorID></Actor></Source>
				</Problem>
			</FamilyProblemHistory>
			<FamilyProblemHistory>
				<CCRDataObjectID>8q54f393-8015-460c-abd2-f29aad15481q</CCRDataObjectID>
				<Source><Actor><ActorID>8a54f393-8015-460c-abd2-f29aad15481c</ActorID></Actor></Source>
				<FamilyMember>
					<ActorID>8854f393-8015-460c-abd2-f29aad15481c</ActorID>
					<ActorRole>
						<Text>Father</Text>
					</ActorRole>
					<HealthStatus>
						<Description>
							<Text>Deceased</Text>
						</Description>
						<CauseOfDeath>No</CauseOfDeath>
						<Source><Actor><ActorID>8a54f393-8015-460c-abd2-f29aad15481c</ActorID></Actor></Source>
					</HealthStatus>
					<Source><Actor><ActorID>8a54f393-8015-460c-abd2-f29aad15481c</ActorID></Actor></Source>
				</FamilyMember>
				<Problem>
					<Description>
						<Text>Hypertension</Text>
						<Code>
							<Value>59621000</Value>
							<CodingSystem>SNOMED CT</CodingSystem>
						</Code>
					</Description>
					<Episodes>
						<Number>1</Number>
						<Episode>
							<CCRDataObjectID>5bfe3ec0-5c8b-11db-b0de-0800200c9a66</CCRDataObjectID>
							<DateTime>
								<Type>
									<Text>Age At Onset</Text>
								</Type>
								<Age>
									<Value>40</Value>
									<Units>
										<Unit>Years</Unit>
									</Units>
								</Age>
							</DateTime>
							<Source><Actor><ActorID>8a54f393-8015-460c-abd2-f29aad15481c</ActorID></Actor></Source>
						</Episode>
						<Source><Actor><ActorID>8a54f393-8015-460c-abd2-f29aad15481c</ActorID></Actor></Source>
					</Episodes>
					<Source><Actor><ActorID>8a54f393-8015-460c-abd2-f29aad15481c</ActorID></Actor></Source>
				</Problem>
			</FamilyProblemHistory>
			<FamilyProblemHistory>
				<CCRDataObjectID>8q54f393-8015-460c-abd2-f29aad15481p</CCRDataObjectID>
				<Source><Actor><ActorID>8a54f393-8015-460c-abd2-f29aad15481c</ActorID></Actor></Source>
				<FamilyMember>
					<ActorID>4ac71514-6a10-4164-9715-f8d96af48e6d</ActorID>
					<ActorRole>
						<Text>Mother</Text>
					</ActorRole>
					<HealthStatus>
						<Description>
							<Text>Alive And Well</Text>
						</Description>
						<Source><Actor><ActorID>8a54f393-8015-460c-abd2-f29aad15481c</ActorID></Actor></Source>
					</HealthStatus>
					<Source><Actor><ActorID>8a54f393-8015-460c-abd2-f29aad15481c</ActorID></Actor></Source>
				</FamilyMember>
				<Problem>
					<Description>
						<Text>Asthma</Text>
						<Code>
							<Value>195967001</Value>
							<CodingSystem>SNOMED CT</CodingSystem>
						</Code>
					</Description>
					<Episodes>
						<Number>1</Number>
						<Episode>
							<CCRDataObjectID>a13c6160-5c8b-11db-b0de-0800200c9a66</CCRDataObjectID>
							<DateTime>
								<Type>
									<Text>Age At Onset</Text>
								</Type>
								<Age>
									<Value>30</Value>
									<Units>
										<Unit>Years</Unit>
									</Units>
								</Age>
							</DateTime>
							<Source><Actor><ActorID>8a54f393-8015-460c-abd2-f29aad15481c</ActorID></Actor></Source>
						</Episode>
						<Source><Actor><ActorID>8a54f393-8015-460c-abd2-f29aad15481c</ActorID></Actor></Source>
					</Episodes>
					<Source><Actor><ActorID>8a54f393-8015-460c-abd2-f29aad15481c</ActorID></Actor></Source>
				</Problem>
			</FamilyProblemHistory>
		</FamilyHistory>
		<!-- 
********************************************************
  Social History section
********************************************************
-->
		<SocialHistory>
			<SocialHistoryElement>
				<CCRDataObjectID>24d86ead-d780-4218-a5ac-8035c3915658</CCRDataObjectID>
				<Type>
					<Text>Smoking</Text>
					<Code>
						<Value>230056004</Value>
						<CodingSystem>SNOMED CT</CodingSystem>
					</Code>
				</Type>
				<Source><Actor><ActorID>8a54f393-8015-460c-abd2-f29aad15481c</ActorID></Actor></Source>
				<Episodes>
					<Episode>
						<CCRDataObjectID>9b56c25d-9104-45ee-9fa4-e0f3afaa01c1</CCRDataObjectID>
						<DateTime>
							<DateTimeRange>
								<BeginRange>
									<ExactDateTime>1947</ExactDateTime>
								</BeginRange>
								<EndRange>
									<ExactDateTime>1972</ExactDateTime>
								</EndRange>
							</DateTimeRange>
						</DateTime>
						<Description>
							<Text>1 pack per day</Text>
						</Description>
						<Source><Actor><ActorID>8a54f393-8015-460c-abd2-f29aad15481c</ActorID></Actor></Source>
					</Episode>
					<Episode>
						<CCRDataObjectID>45efb604-7049-4a2e-ad33-d38556c9636c</CCRDataObjectID>
						<DateTime>
							<DateTimeRange>
								<BeginRange>
									<ExactDateTime>1973</ExactDateTime>
								</BeginRange>
							</DateTimeRange>
						</DateTime>
						<Description>
							<Text>None</Text>
						</Description>
						<Source><Actor><ActorID>8a54f393-8015-460c-abd2-f29aad15481c</ActorID></Actor></Source>
					</Episode>
					<Source><Actor><ActorID>8a54f393-8015-460c-abd2-f29aad15481c</ActorID></Actor></Source>
				</Episodes>
			</SocialHistoryElement>
			<SocialHistoryElement>
				<CCRDataObjectID>37f76c51-6411-4e1d-8a37-957fd49d2cef</CCRDataObjectID>
				<DateTime>
					<DateTimeRange>
						<BeginRange>
							<ExactDateTime>1973</ExactDateTime>
						</BeginRange>
					</DateTimeRange>
				</DateTime>
				<Type>
					<Text>ETOH Use</Text>
					<Code>
						<Value>160573003</Value>
						<CodingSystem>SNOMED CT</CodingSystem>
					</Code>
				</Type>
				<Description>
					<Text>None</Text>
				</Description>
				<Source><Actor><ActorID>8a54f393-8015-460c-abd2-f29aad15481c</ActorID></Actor></Source>
			</SocialHistoryElement>
		</SocialHistory>
		<!-- 
********************************************************
  Alerts section
********************************************************
-->
		<Alerts>
			<Alert>
				<CCRDataObjectID>36e3e930-7b14-11db-9fe1-0800200c9a66</CCRDataObjectID>
				<Description>
					<Text>Adverse reaction to substance</Text>
					<Code>
						<Value>282100009</Value>
						<CodingSystem>SNOMED CT</CodingSystem>
					</Code>
				</Description>
				<Status>
					<Text>Active</Text>
				</Status>
				<Source><Actor><ActorID>8a54f393-8015-460c-abd2-f29aad15481c</ActorID></Actor></Source>
				<Agent>
					<Products>
						<Product>
							<CCRDataObjectID>44c83e90-2db3-4a7f-8819-2552c342b65b</CCRDataObjectID>
							<Source><Actor><ActorID>8a54f393-8015-460c-abd2-f29aad15481c</ActorID></Actor></Source>
							<Product>
								<ProductName>
									<Text>Penicillin</Text>
									<Code>
										<Value>70618</Value>
										<CodingSystem>RxNorm</CodingSystem>
									</Code>
								</ProductName>
							</Product>
						</Product>
					</Products>
				</Agent>
				<Reaction>
					<Description>
						<Text>Hives</Text>
						<Code>
							<Value>247472004</Value>
							<CodingSystem>SNOMED CT</CodingSystem>
						</Code>
					</Description>
				</Reaction>
			</Alert>
			<Alert>
				<CCRDataObjectID>eb936010-7b17-11db-9fe1-0800200c9a66</CCRDataObjectID>
				<Description>
					<Text>Adverse reaction to substance</Text>
					<Code>
						<Value>282100009</Value>
						<CodingSystem>SNOMED CT</CodingSystem>
					</Code>
				</Description>
				<Status>
					<Text>Active</Text>
				</Status>
				<Source><Actor><ActorID>8a54f393-8015-460c-abd2-f29aad15481c</ActorID></Actor></Source>
				<Agent>
					<Products>
						<Product>
							<CCRDataObjectID>63b57393-4eb5-4f1d-97f8-9fa386358e4c</CCRDataObjectID>
							<Source><Actor><ActorID>8a54f393-8015-460c-abd2-f29aad15481c</ActorID></Actor></Source>
							<Product>
								<ProductName>
									<Text>Aspirin</Text>
									<Code>
										<Value>1191</Value>
										<CodingSystem>RxNorm</CodingSystem>
									</Code>
								</ProductName>
							</Product>
						</Product>
					</Products>
				</Agent>
				<Reaction>
					<Description>
						<Text>Wheezing</Text>
						<Code>
							<Value>56018004</Value>
							<CodingSystem>SNOMED CT</CodingSystem>
						</Code>
					</Description>
				</Reaction>
			</Alert>
			<Alert>
				<CCRDataObjectID>c3df3b61-7b18-11db-9fe1-0800200c9a66</CCRDataObjectID>
				<Description>
					<Text>Adverse reaction to substance</Text>
					<Code>
						<Value>282100009</Value>
						<CodingSystem>SNOMED CT</CodingSystem>
					</Code>
				</Description>
				<Status>
					<Text>Active</Text>
				</Status>
				<Source><Actor><ActorID>8a54f393-8015-460c-abd2-f29aad15481c</ActorID></Actor></Source>
				<Agent>
					<Products>
						<Product>
							<CCRDataObjectID>1fa4e42a-7df6-47ad-b9af-16465ffe87bb</CCRDataObjectID>
							<Source><Actor><ActorID>8a54f393-8015-460c-abd2-f29aad15481c</ActorID></Actor></Source>
							<Product>
								<ProductName>
									<Text>Codeine</Text>
									<Code>
										<Value>2670</Value>
										<CodingSystem>RxNorm</CodingSystem>
									</Code>
								</ProductName>
							</Product>
						</Product>
					</Products>
				</Agent>
				<Reaction>
					<Description>
						<Text>Nausea</Text>
						<Code>
							<Value>73879007</Value>
							<CodingSystem>SNOMED CT</CodingSystem>
						</Code>
					</Description>
				</Reaction>
			</Alert>
		</Alerts>
		<!-- 
********************************************************
Medications section
********************************************************
-->
		<Medications>
			<Medication>
				<CCRDataObjectID>cdbd33f0-6cde-11db-9fe1-0800200c9a66</CCRDataObjectID>
				<Status>
					<Text>Active</Text>
				</Status>
				<Source><Actor><ActorID>8a54f393-8015-460c-abd2-f29aad15481c</ActorID></Actor></Source>
				<Product>
					<ProductName>
						<Text>Albuterol inhalant</Text>
						<Code>
							<Value>307782</Value>
							<CodingSystem>RxNorm</CodingSystem>
						</Code>
					</ProductName>
				</Product>
				<Directions>
					<Direction>
						<Dose>
							<Value>2</Value>
						</Dose>
						<Route>
							<Code>
								<Value>IPINHL</Value>
								<CodingSystem>RouteOfAdministration</CodingSystem>
							</Code>
						</Route>
						<Frequency>
							<Value>QID</Value>
						</Frequency>
						<Indication>
							<PRNFlag>
								<Text>Wheezing</Text>
								<Code>
									<Value>56018004</Value>
									<CodingSystem>SNOMED CT</CodingSystem>
								</Code>
							</PRNFlag>
							<Source><Actor><ActorID>8a54f393-8015-460c-abd2-f29aad15481c</ActorID></Actor></Source>
						</Indication>
					</Direction>
				</Directions>
			</Medication>
			<Medication>
				<CCRDataObjectID>cdbd5b05-6cde-11db-9fe1-0800200c9a66</CCRDataObjectID>
				<Status>
					<Text>Active</Text>
				</Status>
				<Source><Actor><ActorID>8a54f393-8015-460c-abd2-f29aad15481c</ActorID></Actor></Source>
				<Product>
					<ProductName>
						<Text>Clopidogrel</Text>
						<Code>
							<Value>309362</Value>
							<CodingSystem>RxNorm</CodingSystem>
						</Code>
					</ProductName>
					<BrandName>
						<Text>Plavix</Text>
					</BrandName>
					<Strength>
						<Value>75</Value>
						<Units>
							<Unit>MG</Unit>
						</Units>
					</Strength>
					<Form>
						<Text>TABLET</Text>
					</Form>
				</Product>
				<Directions>
					<Direction>
						<Dose>
							<Value>1</Value>
						</Dose>
						<Route>
							<Code>
								<Value>PO</Value>
								<CodingSystem>RouteOfAdministration</CodingSystem>
							</Code>
						</Route>
						<Frequency>
							<Value>Daily</Value>
						</Frequency>
					</Direction>
				</Directions>
			</Medication>
			<Medication>
				<CCRDataObjectID>cdbd5b01-6cde-11db-9fe1-0800200c9a66</CCRDataObjectID>
				<Status>
					<Text>Active</Text>
				</Status>
				<Source><Actor><ActorID>8a54f393-8015-460c-abd2-f29aad15481c</ActorID></Actor></Source>
				<Product>
					<ProductName>
						<Text>Metoprolol</Text>
						<Code>
							<Value>430618</Value>
							<CodingSystem>RxNorm</CodingSystem>
						</Code>
					</ProductName>
					<Strength>
						<Value>25</Value>
						<Units>
							<Unit>MG</Unit>
						</Units>
					</Strength>
					<Form>
						<Text>TABLET</Text>
					</Form>
				</Product>
				<Directions>
					<Direction>
						<Dose>
							<Value>1</Value>
						</Dose>
						<Route>
							<Code>
								<Value>PO</Value>
								<CodingSystem>RouteOfAdministration</CodingSystem>
							</Code>
						</Route>
						<Frequency>
							<Value>BID</Value>
						</Frequency>
					</Direction>
				</Directions>
			</Medication>
			<Medication>
				<CCRDataObjectID>cdbd5b03-6cde-11db-9fe1-0800200c9a66</CCRDataObjectID>
				<DateTime>
					<DateTimeRange>
						<BeginRange>
							<ExactDateTime>2000-03-28</ExactDateTime>
						</BeginRange>
					</DateTimeRange>
				</DateTime>
				<Status>
					<Text>Active</Text>
				</Status>
				<Source><Actor><ActorID>8a54f393-8015-460c-abd2-f29aad15481c</ActorID></Actor></Source>
				<Product>
					<ProductName>
						<Text>Prednisone</Text>
						<Code>
							<Value>312615</Value>
							<CodingSystem>RxNorm</CodingSystem>
						</Code>
					</ProductName>
					<Strength>
						<Value>20</Value>
						<Units>
							<Unit>MG</Unit>
						</Units>
					</Strength>
					<Form>
						<Text>TABLET</Text>
					</Form>
				</Product>
				<Directions>
					<Direction>
						<Dose>
							<Value>1</Value>
						</Dose>
						<Route>
							<Code>
								<Value>PO</Value>
								<CodingSystem>RouteOfAdministration</CodingSystem>
							</Code>
						</Route>
						<Frequency>
							<Value>Daily</Value>
						</Frequency>
					</Direction>
				</Directions>
			</Medication>
			<Medication>
				<CCRDataObjectID>cdbd5b07-6cde-11db-9fe1-0800200c9a66</CCRDataObjectID>
				<DateTime>
					<DateTimeRange>
						<BeginRange>
							<ExactDateTime>2000-03-28</ExactDateTime>
						</BeginRange>
						<EndRange>
							<ExactDateTime>2000-04-04</ExactDateTime>
						</EndRange>
					</DateTimeRange>
				</DateTime>
				<Status>
					<Text>No Longer Active</Text>
				</Status>
				<Source><Actor><ActorID>8a54f393-8015-460c-abd2-f29aad15481c</ActorID></Actor></Source>
				<Product>
					<ProductName>
						<Text>Cephalexin</Text>
						<Code>
							<Value>197454</Value>
							<CodingSystem>RxNorm</CodingSystem>
						</Code>
					</ProductName>
					<BrandName>
						<Text>Keflex</Text>
					</BrandName>
					<Strength>
						<Value>500</Value>
						<Units>
							<Unit>MG</Unit>
						</Units>
					</Strength>
					<Form>
						<Text>TABLET</Text>
					</Form>
				</Product>
				<Directions>
					<Direction>
						<Dose>
							<Value>1</Value>
						</Dose>
						<Route>
							<Code>
								<Value>PO</Value>
								<CodingSystem>RouteOfAdministration</CodingSystem>
							</Code>
						</Route>
						<Frequency>
							<Value>QID</Value>
						</Frequency>
						<Indication>
							<Problem>
								<CCRDataObjectID>cdbd5b08-6cde-11db-9fe1-0800200c9a66</CCRDataObjectID>
								<Description>
									<Text>Bronchitis</Text>
									<Code>
										<Value>32398004</Value>
										<CodingSystem>SNOMED CT</CodingSystem>
									</Code>
								</Description>
								<Source><Actor><ActorID>8a54f393-8015-460c-abd2-f29aad15481c</ActorID></Actor></Source>
							</Problem>
							<Source><Actor><ActorID>8a54f393-8015-460c-abd2-f29aad15481c</ActorID></Actor></Source>
						</Indication>
					</Direction>
				</Directions>
			</Medication>
		</Medications>
		<!-- 
********************************************************
  Medical Equipment section
********************************************************
-->
		<MedicalEquipment>
			<Equipment>
				<CCRDataObjectID>2413773c-2372-4299-bbe6-5b0f60664446</CCRDataObjectID>
				<DateTime>
					<ExactDateTime>1999-11</ExactDateTime>
				</DateTime>
				<Source><Actor><ActorID>8a54f393-8015-460c-abd2-f29aad15481c</ActorID></Actor></Source>
				<Product>
					<ProductName>
						<Text>Automatic implantable cardioverter/defibrillator</Text>
						<Code>
							<Value>72506001</Value>
							<CodingSystem>SNOMED CT</CodingSystem>
						</Code>
					</ProductName>
				</Product>
			</Equipment>
			<Equipment>
				<CCRDataObjectID>3a5742fe-47fd-4ad7-a303-6c65067c4470</CCRDataObjectID>
				<DateTime>
					<ExactDateTime>1998</ExactDateTime>
				</DateTime>
				<Source><Actor><ActorID>8a54f393-8015-460c-abd2-f29aad15481c</ActorID></Actor></Source>
				<Product>
					<ProductName>
						<Text>Total hip replacement prosthesis</Text>
						<Code>
							<Value>304120007</Value>
							<CodingSystem>SNOMED CT</CodingSystem>
						</Code>
					</ProductName>
					<Manufacturer>
						<ActorID>0abea950-5b40-4b7e-b8d9-2a5ea3ac5500</ActorID>
					</Manufacturer>
					<IDs>
						<ID>03ca01b0-7be1-11db-9fe1-0800200c9a66</ID>
						<Source><Actor><ActorID>8a54f393-8015-460c-abd2-f29aad15481c</ActorID></Actor></Source>
					</IDs>
				</Product>
			</Equipment>
			<Equipment>
				<CCRDataObjectID>c4ffe98e-3cd3-4c54-b5bd-08ecb80379e0</CCRDataObjectID>
				<DateTime>
					<ExactDateTime>1999</ExactDateTime>
				</DateTime>
				<Source><Actor><ActorID>8a54f393-8015-460c-abd2-f29aad15481c</ActorID></Actor></Source>
				<Product>
					<ProductName>
						<Text>Wheelchair</Text>
						<Code>
							<Value>58938008</Value>
							<CodingSystem>SNOMED CT</CodingSystem>
						</Code>
					</ProductName>
				</Product>
			</Equipment>
		</MedicalEquipment>
		<!-- 
********************************************************
Immunizations section
********************************************************
-->
		<Immunizations>
			<Immunization>
				<CCRDataObjectID>e6f1ba43-c0ed-4b9b-9f12-f435d8ad8f92</CCRDataObjectID>
				<DateTime>
					<Type>
						<Text>Immunization Date</Text>
					</Type>
					<ExactDateTime>1999-11</ExactDateTime>
				</DateTime>
				<Source><Actor><ActorID>c1a4582d-eade-44e0-9f04-7b70c96c5e51</ActorID></Actor></Source>
				<Product>
					<ProductName>
						<Text>Influenza virus vaccine</Text>
						<Code>
							<Value>88</Value>
							<CodingSystem>CDC Vaccine Code</CodingSystem>
						</Code>
					</ProductName>
				</Product>
			</Immunization>
			<Immunization>
				<CCRDataObjectID>115f0f70-1343-4938-b62f-631de9749a0a</CCRDataObjectID>
				<DateTime>
					<Type>
						<Text>Immunization Date</Text>
					</Type>
					<ExactDateTime>1998-12</ExactDateTime>
				</DateTime>
				<Source><Actor><ActorID>c1a4582d-eade-44e0-9f04-7b70c96c5e51</ActorID></Actor></Source>
				<Product>
					<ProductName>
						<Text>Influenza virus vaccine</Text>
						<Code>
							<Value>88</Value>
							<CodingSystem>CDC Vaccine Code</CodingSystem>
						</Code>
					</ProductName>
				</Product>
			</Immunization>
			<Immunization>
				<CCRDataObjectID>78598407-9f16-42d5-8ffd-09281a60fe33</CCRDataObjectID>
				<DateTime>
					<Type>
						<Text>Immunization Date</Text>
					</Type>
					<ExactDateTime>1998-12</ExactDateTime>
				</DateTime>
				<Source><Actor><ActorID>c1a4582d-eade-44e0-9f04-7b70c96c5e51</ActorID></Actor></Source>
				<Product>
					<ProductName>
						<Text>Pneumococcal polysaccharide vaccine</Text>
						<Code>
							<Value>33</Value>
							<CodingSystem>CDC Vaccine Code</CodingSystem>
						</Code>
					</ProductName>
				</Product>
			</Immunization>
			<Immunization>
				<CCRDataObjectID>261e94a0-95fb-4975-b5a5-c8e12c01c1bc</CCRDataObjectID>
				<DateTime>
					<Type>
						<Text>Immunization Date</Text>
					</Type>
					<ExactDateTime>1997</ExactDateTime>
				</DateTime>
				<Source><Actor><ActorID>c1a4582d-eade-44e0-9f04-7b70c96c5e51</ActorID></Actor></Source>
				<Product>
					<ProductName>
						<Text>Tetanus and diphtheria toxoids</Text>
						<Code>
							<Value>09</Value>
							<CodingSystem>CDC Vaccine Code</CodingSystem>
						</Code>
					</ProductName>
				</Product>
			</Immunization>
		</Immunizations>
		<!-- 
********************************************************
Vital Signs section
********************************************************
-->
		<VitalSigns>
			<Result>
				<CCRDataObjectID>c6f88320-67ad-11db-bd13-0800200c9a66</CCRDataObjectID>
				<DateTime>
					<Type>
						<Text>Assessment Time</Text>
					</Type>
					<ExactDateTime>1999-11-14</ExactDateTime>
				</DateTime>
				<Type>
					<Text>Vital Signs</Text>
					<Code>
						<Value>46680005</Value>
						<CodingSystem>SNOMED CT</CodingSystem>
					</Code>
				</Type>
				<Status>
					<Text>Final Results</Text>
				</Status>
				<Source><Actor><ActorID>8a54f393-8015-460c-abd2-f29aad15481c</ActorID></Actor></Source>
				<Test>
					<CCRDataObjectID>c6f88321-67ad-11db-bd13-0800200c9a66</CCRDataObjectID>
					<DateTime>
						<Type>
							<Text>Assessment Time</Text>
						</Type>
						<ExactDateTime>1999-11-14</ExactDateTime>
					</DateTime>
					<Description>
						<Text>Body height</Text>
						<Code>
							<Value>50373000</Value>
							<CodingSystem>SNOMED CT</CodingSystem>
						</Code>
					</Description>
					<Status>
						<Text>Final Results</Text>
					</Status>
					<Source><Actor><ActorID>8a54f393-8015-460c-abd2-f29aad15481c</ActorID></Actor></Source>
					<TestResult>
						<Value>177</Value>
						<Units>
							<Unit>cm</Unit>
						</Units>
					</TestResult>
				</Test>
				<Test>
					<CCRDataObjectID>c6f88322-67ad-11db-bd13-0800200c9a66</CCRDataObjectID>
					<DateTime>
						<Type>
							<Text>Assessment Time</Text>
						</Type>
						<ExactDateTime>1999-11-14</ExactDateTime>
					</DateTime>
					<Description>
						<Text>Body weight</Text>
						<Code>
							<Value>27113001</Value>
							<CodingSystem>SNOMED CT</CodingSystem>
						</Code>
					</Description>
					<Status>
						<Text>Final Results</Text>
					</Status>
					<Source><Actor><ActorID>8a54f393-8015-460c-abd2-f29aad15481c</ActorID></Actor></Source>
					<TestResult>
						<Value>86</Value>
						<Units>
							<Unit>kg</Unit>
						</Units>
					</TestResult>
				</Test>
				<Test>
					<CCRDataObjectID>c6f88323-67ad-11db-bd13-0800200c9a66</CCRDataObjectID>
					<DateTime>
						<Type>
							<Text>Assessment Time</Text>
						</Type>
						<ExactDateTime>1999-11-14</ExactDateTime>
					</DateTime>
					<Description>
						<Text>Systolic BP</Text>
						<Code>
							<Value>271649006</Value>
							<CodingSystem>SNOMED CT</CodingSystem>
						</Code>
					</Description>
					<Status>
						<Text>Final Results</Text>
					</Status>
					<Source><Actor><ActorID>8a54f393-8015-460c-abd2-f29aad15481c</ActorID></Actor></Source>
					<TestResult>
						<Value>132</Value>
						<Units>
							<Unit>mm Hg</Unit>
						</Units>
					</TestResult>
				</Test>
				<Test>
					<CCRDataObjectID>c6f88324-67ad-11db-bd13-0800200c9a66</CCRDataObjectID>
					<DateTime>
						<Type>
							<Text>Assessment Time</Text>
						</Type>
						<ExactDateTime>1999-11-14</ExactDateTime>
					</DateTime>
					<Description>
						<Text>Diastolic BP</Text>
						<Code>
							<Value>271650006</Value>
							<CodingSystem>SNOMED CT</CodingSystem>
						</Code>
					</Description>
					<Status>
						<Text>Final Results</Text>
					</Status>
					<Source><Actor><ActorID>8a54f393-8015-460c-abd2-f29aad15481c</ActorID></Actor></Source>
					<TestResult>
						<Value>86</Value>
						<Units>
							<Unit>mm Hg</Unit>
						</Units>
					</TestResult>
				</Test>
			</Result>
			<Result>
				<CCRDataObjectID>d11275e0-67ae-11db-bd13-0800200c9a66</CCRDataObjectID>
				<DateTime>
					<Type>
						<Text>Assessment Time</Text>
					</Type>
					<ExactDateTime>2000-04-07</ExactDateTime>
				</DateTime>
				<Type>
					<Text>Vital Signs</Text>
					<Code>
						<Value>46680005</Value>
						<CodingSystem>SNOMED CT</CodingSystem>
					</Code>
				</Type>
				<Status>
					<Text>Final Results</Text>
				</Status>
				<Source><Actor><ActorID>8a54f393-8015-460c-abd2-f29aad15481c</ActorID></Actor></Source>
				<Test>
					<CCRDataObjectID>d11275e1-67ae-11db-bd13-0800200c9a66</CCRDataObjectID>
					<DateTime>
						<Type>
							<Text>Assessment Time</Text>
						</Type>
						<ExactDateTime>2000-04-07</ExactDateTime>
					</DateTime>
					<Description>
						<Text>Body height</Text>
						<Code>
							<Value>50373000</Value>
							<CodingSystem>SNOMED CT</CodingSystem>
						</Code>
					</Description>
					<Status>
						<Text>Final Results</Text>
					</Status>
					<Source><Actor><ActorID>8a54f393-8015-460c-abd2-f29aad15481c</ActorID></Actor></Source>
					<TestResult>
						<Value>177</Value>
						<Units>
							<Unit>cm</Unit>
						</Units>
					</TestResult>
				</Test>
				<Test>
					<CCRDataObjectID>d11275e2-67ae-11db-bd13-0800200c9a66</CCRDataObjectID>
					<DateTime>
						<Type>
							<Text>Assessment Time</Text>
						</Type>
						<ExactDateTime>2000-04-07</ExactDateTime>
					</DateTime>
					<Description>
						<Text>Body weight</Text>
						<Code>
							<Value>27113001</Value>
							<CodingSystem>SNOMED CT</CodingSystem>
						</Code>
					</Description>
					<Status>
						<Text>Final Results</Text>
					</Status>
					<Source><Actor><ActorID>8a54f393-8015-460c-abd2-f29aad15481c</ActorID></Actor></Source>
					<TestResult>
						<Value>88</Value>
						<Units>
							<Unit>kg</Unit>
						</Units>
					</TestResult>
				</Test>
				<Test>
					<CCRDataObjectID>d11275e3-67ae-11db-bd13-0800200c9a66</CCRDataObjectID>
					<DateTime>
						<Type>
							<Text>Assessment Time</Text>
						</Type>
						<ExactDateTime>2000-04-07</ExactDateTime>
					</DateTime>
					<Description>
						<Text>Systolic BP</Text>
						<Code>
							<Value>271649006</Value>
							<CodingSystem>SNOMED CT</CodingSystem>
						</Code>
					</Description>
					<Status>
						<Text>Final Results</Text>
					</Status>
					<Source><Actor><ActorID>8a54f393-8015-460c-abd2-f29aad15481c</ActorID></Actor></Source>
					<TestResult>
						<Value>145</Value>
						<Units>
							<Unit>mm Hg</Unit>
						</Units>
					</TestResult>
				</Test>
				<Test>
					<CCRDataObjectID>d11275e4-67ae-11db-bd13-0800200c9a66</CCRDataObjectID>
					<DateTime>
						<Type>
							<Text>Assessment Time</Text>
						</Type>
						<ExactDateTime>2000-04-07</ExactDateTime>
					</DateTime>
					<Description>
						<Text>Diastolic BP</Text>
						<Code>
							<Value>271650006</Value>
							<CodingSystem>SNOMED CT</CodingSystem>
						</Code>
					</Description>
					<Status>
						<Text>Final Results</Text>
					</Status>
					<Source><Actor><ActorID>8a54f393-8015-460c-abd2-f29aad15481c</ActorID></Actor></Source>
					<TestResult>
						<Value>88</Value>
						<Units>
							<Unit>mm Hg</Unit>
						</Units>
					</TestResult>
				</Test>
			</Result>
		</VitalSigns>
		<!-- 
********************************************************
Results section
********************************************************
-->
		<Results>
			<Result>
				<CCRDataObjectID>7d5a02b0-67a4-11db-bd13-0800200c9a66</CCRDataObjectID>
				<DateTime>
					<Type>
						<Text>Assessment Time</Text>
					</Type>
					<ExactDateTime>2000-04-07T14:30Z</ExactDateTime>
				</DateTime>
				<Description>
					<Text>CBC WO DIFFERENTIAL</Text>
					<Code>
						<Value>43789009</Value>
						<CodingSystem>SNOMED CT</CodingSystem>
					</Code>
				</Description>
				<Status>
					<Text>Final Results</Text>
				</Status>
				<Source><Actor><ActorID>8a54f393-8015-460c-abd2-f29aad15481c</ActorID></Actor></Source>
				<Test>
					<CCRDataObjectID>107c2dc0-67a5-11db-bd13-0800200c9a66</CCRDataObjectID>
					<DateTime>
						<Type>
							<Text>Assessment Time</Text>
						</Type>
						<ExactDateTime>2000-04-07T14:30Z</ExactDateTime>
					</DateTime>
					<Description>
						<Text>HGB</Text>
						<Code>
							<Value>30313-1</Value>
							<CodingSystem>LOINC</CodingSystem>
						</Code>
					</Description>
					<Status>
						<Text>Final Results</Text>
					</Status>
					<Source><Actor><ActorID>8a54f393-8015-460c-abd2-f29aad15481c</ActorID></Actor></Source>
					<TestResult>
						<Value>13.2</Value>
						<Units>
							<Unit>g/dl</Unit>
						</Units>
					</TestResult>
					<NormalResult>
						<Normal>
							<Description>
								<Text>M 13-18 g/dl; F 12-16 g/dl</Text>
							</Description>
							<Source><Actor><ActorID>8a54f393-8015-460c-abd2-f29aad15481c</ActorID></Actor></Source>
						</Normal>
					</NormalResult>
				</Test>
				<Test>
					<CCRDataObjectID>8b3fa370-67a5-11db-bd13-0800200c9a66</CCRDataObjectID>
					<DateTime>
						<Type>
							<Text>Assessment Time</Text>
						</Type>
						<ExactDateTime>2000-04-07T14:30Z</ExactDateTime>
					</DateTime>
					<Description>
						<Text>WBC</Text>
						<Code>
							<Value>33765-9</Value>
							<CodingSystem>LOINC</CodingSystem>
						</Code>
					</Description>
					<Status>
						<Text>Final Results</Text>
					</Status>
					<Source><Actor><ActorID>8a54f393-8015-460c-abd2-f29aad15481c</ActorID></Actor></Source>
					<TestResult>
						<Value>6.7</Value>
						<Units>
							<Unit>10+3/ul</Unit>
						</Units>
					</TestResult>
					<NormalResult>
						<Normal>
							<Value>4.3</Value>
							<Units>
								<Unit>10+3/ul</Unit>
							</Units>
							<ValueSequencePosition>1</ValueSequencePosition>
							<Source><Actor><ActorID>8a54f393-8015-460c-abd2-f29aad15481c</ActorID></Actor></Source>
						</Normal>
						<Normal>
							<Value>10.8</Value>
							<Units>
								<Unit>10+3/ul</Unit>
							</Units>
							<ValueSequencePosition>2</ValueSequencePosition>
							<VariableNomalModifier>
								<Text>TO</Text>
							</VariableNomalModifier>
							<Source><Actor><ActorID>8a54f393-8015-460c-abd2-f29aad15481c</ActorID></Actor></Source>
						</Normal>
					</NormalResult>
				</Test>
				<Test>
					<CCRDataObjectID>80a6c740-67a5-11db-bd13-0800200c9a66</CCRDataObjectID>
					<DateTime>
						<Type>
							<Text>Assessment Time</Text>
						</Type>
						<ExactDateTime>2000-04-07T14:30Z</ExactDateTime>
					</DateTime>
					<Description>
						<Text>PLT</Text>
						<Code>
							<Value>123</Value>
							<CodingSystem>LOINC</CodingSystem>
						</Code>
					</Description>
					<Status>
						<Text>Final Results</Text>
					</Status>
					<Source><Actor><ActorID>8a54f393-8015-460c-abd2-f29aad15481c</ActorID></Actor></Source>
					<TestResult>
						<Value>153</Value>
						<Units>
							<Unit>10+3/ul</Unit>
						</Units>
					</TestResult>
					<NormalResult>
						<Normal>
							<Value>150</Value>
							<Units>
								<Unit>10+3/ul</Unit>
							</Units>
							<ValueSequencePosition>1</ValueSequencePosition>
							<Source><Actor><ActorID>8a54f393-8015-460c-abd2-f29aad15481c</ActorID></Actor></Source>
						</Normal>
						<Normal>
							<Value>350</Value>
							<Units>
								<Unit>10+3/ul</Unit>
							</Units>
							<ValueSequencePosition>2</ValueSequencePosition>
							<VariableNomalModifier>
								<Text>TO</Text>
							</VariableNomalModifier>
							<Source><Actor><ActorID>8a54f393-8015-460c-abd2-f29aad15481c</ActorID></Actor></Source>
						</Normal>
					</NormalResult>
					<Flag>
						<Text>LOW</Text>
					</Flag>
				</Test>
			</Result>
			<Result>
				<CCRDataObjectID>a40027e0-67a5-11db-bd13-0800200c9a66</CCRDataObjectID>
				<DateTime>
					<Type>
						<Text>Assessment Time</Text>
					</Type>
					<ExactDateTime>2000-03-23T14:30Z</ExactDateTime>
				</DateTime>
				<Description>
					<Text>LYTES</Text>
					<Code>
						<Value>20109005</Value>
						<CodingSystem>SNOMED CT</CodingSystem>
					</Code>
				</Description>
				<Status>
					<Text>Final Results</Text>
				</Status>
				<Source><Actor><ActorID>8a54f393-8015-460c-abd2-f29aad15481c</ActorID></Actor></Source>
				<Test>
					<CCRDataObjectID>a40027e1-67a5-11db-bd13-0800200c9a66</CCRDataObjectID>
					<DateTime>
						<Type>
							<Text>Assessment Time</Text>
						</Type>
						<ExactDateTime>2000-03-23T14:30Z</ExactDateTime>
					</DateTime>
					<Description>
						<Text>NA</Text>
						<Code>
							<Value>2951-2</Value>
							<CodingSystem>LOINC</CodingSystem>
						</Code>
					</Description>
					<Status>
						<Text>Final Results</Text>
					</Status>
					<Source><Actor><ActorID>8a54f393-8015-460c-abd2-f29aad15481c</ActorID></Actor></Source>
					<TestResult>
						<Value>140</Value>
						<Units>
							<Unit>meq/l</Unit>
						</Units>
					</TestResult>
					<NormalResult>
						<Normal>
							<Value>135</Value>
							<Units>
								<Unit>meq/l</Unit>
							</Units>
							<ValueSequencePosition>1</ValueSequencePosition>
							<Source><Actor><ActorID>8a54f393-8015-460c-abd2-f29aad15481c</ActorID></Actor></Source>
						</Normal>
						<Normal>
							<Value>145</Value>
							<Units>
								<Unit>meq/l</Unit>
							</Units>
							<ValueSequencePosition>2</ValueSequencePosition>
							<VariableNomalModifier>
								<Text>TO</Text>
							</VariableNomalModifier>
							<Source><Actor><ActorID>8a54f393-8015-460c-abd2-f29aad15481c</ActorID></Actor></Source>
						</Normal>
					</NormalResult>
				</Test>
				<Test>
					<CCRDataObjectID>a40027e2-67a5-11db-bd13-0800200c9a66</CCRDataObjectID>
					<DateTime>
						<Type>
							<Text>Assessment Time</Text>
						</Type>
						<ExactDateTime>2000-03-23T14:30Z</ExactDateTime>
					</DateTime>
					<Description>
						<Text>K</Text>
						<Code>
							<Value>2823-3</Value>
							<CodingSystem>LOINC</CodingSystem>
						</Code>
					</Description>
					<Status>
						<Text>Final Results</Text>
					</Status>
					<Source><Actor><ActorID>8a54f393-8015-460c-abd2-f29aad15481c</ActorID></Actor></Source>
					<TestResult>
						<Value>4.0</Value>
						<Units>
							<Unit>meq/l</Unit>
						</Units>
					</TestResult>
					<NormalResult>
						<Normal>
							<Value>3.5</Value>
							<Units>
								<Unit>meq/l</Unit>
							</Units>
							<ValueSequencePosition>1</ValueSequencePosition>
							<Source><Actor><ActorID>8a54f393-8015-460c-abd2-f29aad15481c</ActorID></Actor></Source>
						</Normal>
						<Normal>
							<Value>5.0</Value>
							<Units>
								<Unit>meq/l</Unit>
							</Units>
							<ValueSequencePosition>2</ValueSequencePosition>
							<VariableNomalModifier>
								<Text>TO</Text>
							</VariableNomalModifier>
							<Source><Actor><ActorID>8a54f393-8015-460c-abd2-f29aad15481c</ActorID></Actor></Source>
						</Normal>
					</NormalResult>
				</Test>
				<Test>
					<CCRDataObjectID>a40027e3-67a5-11db-bd13-0800200c9a66</CCRDataObjectID>
					<DateTime>
						<Type>
							<Text>Assessment Time</Text>
						</Type>
						<ExactDateTime>2000-03-23T14:30Z</ExactDateTime>
					</DateTime>
					<Description>
						<Text>CL</Text>
						<Code>
							<Value>2075-0</Value>
							<CodingSystem>LOINC</CodingSystem>
						</Code>
					</Description>
					<Status>
						<Text>Final Results</Text>
					</Status>
					<Source><Actor><ActorID>8a54f393-8015-460c-abd2-f29aad15481c</ActorID></Actor></Source>
					<TestResult>
						<Value>102</Value>
						<Units>
							<Unit>meq/l</Unit>
						</Units>
					</TestResult>
					<NormalResult>
						<Normal>
							<Value>98</Value>
							<Units>
								<Unit>meq/l</Unit>
							</Units>
							<ValueSequencePosition>1</ValueSequencePosition>
							<Source><Actor><ActorID>8a54f393-8015-460c-abd2-f29aad15481c</ActorID></Actor></Source>
						</Normal>
						<Normal>
							<Value>106</Value>
							<Units>
								<Unit>meq/l</Unit>
							</Units>
							<ValueSequencePosition>2</ValueSequencePosition>
							<VariableNomalModifier>
								<Text>TO</Text>
							</VariableNomalModifier>
							<Source><Actor><ActorID>8a54f393-8015-460c-abd2-f29aad15481c</ActorID></Actor></Source>
						</Normal>
					</NormalResult>
				</Test>
				<Test>
					<CCRDataObjectID>a40027e4-67a5-11db-bd13-0800200c9a66</CCRDataObjectID>
					<DateTime>
						<Type>
							<Text>Assessment Time</Text>
						</Type>
						<ExactDateTime>2000-03-23T14:30Z</ExactDateTime>
					</DateTime>
					<Description>
						<Text>HCO3</Text>
						<Code>
							<Value>1963-8</Value>
							<CodingSystem>LOINC</CodingSystem>
						</Code>
					</Description>
					<Status>
						<Text>Final Results</Text>
					</Status>
					<Source><Actor><ActorID>8a54f393-8015-460c-abd2-f29aad15481c</ActorID></Actor></Source>
					<TestResult>
						<Value>35</Value>
						<Units>
							<Unit>meq/l</Unit>
						</Units>
					</TestResult>
					<NormalResult>
						<Normal>
							<Value>18</Value>
							<Units>
								<Unit>meq/l</Unit>
							</Units>
							<ValueSequencePosition>1</ValueSequencePosition>
							<Source><Actor><ActorID>8a54f393-8015-460c-abd2-f29aad15481c</ActorID></Actor></Source>
						</Normal>
						<Normal>
							<Value>23</Value>
							<Units>
								<Unit>meq/l</Unit>
							</Units>
							<ValueSequencePosition>2</ValueSequencePosition>
							<VariableNomalModifier>
								<Text>TO</Text>
							</VariableNomalModifier>
							<Source><Actor><ActorID>8a54f393-8015-460c-abd2-f29aad15481c</ActorID></Actor></Source>
						</Normal>
					</NormalResult>
					<Flag>
						<Text>HIGH</Text>
					</Flag>
				</Test>
			</Result>
		</Results>
		<!-- 
********************************************************
Procedures section
********************************************************
-->
		<Procedures>
			<Procedure>
				<CCRDataObjectID>e401f340-7be2-11db-9fe1-0800200c9a66</CCRDataObjectID>
				<DateTime>
					<Type>
						<Text>Procedure Date</Text>
					</Type>
					<ExactDateTime>1998</ExactDateTime>
				</DateTime>
				<Description>
					<Text>Total hip replacement, left</Text>
					<ObjectAttribute>
						<Attribute>Laterality</Attribute>
						<AttributeValue>
							<Value>Left</Value>
							<Code>
								<Value>7771000</Value>
								<CodingSystem>SNOMED CT</CodingSystem>
							</Code>
						</AttributeValue>
					</ObjectAttribute>
					<Code>
						<Value>52734007</Value>
						<CodingSystem>SNOMED CT</CodingSystem>
					</Code>
				</Description>
				<Status>
					<Text>Completed</Text>
				</Status>
				<Source><Actor><ActorID>8a54f393-8015-460c-abd2-f29aad15481c</ActorID></Actor></Source>
				<InternalCCRLink>
					<LinkID>3a5742fe-47fd-4ad7-a303-6c65067c4470</LinkID>
					<LinkRelationship>Implanted equipment</LinkRelationship>
				</InternalCCRLink>
			</Procedure>
		</Procedures>
		<!-- 
********************************************************
Encounters section
********************************************************
-->
		<Encounters>
			<Encounter>
				<CCRDataObjectID>2a620155-9d11-439e-92b3-5d9815ff4de8</CCRDataObjectID>
				<DateTime>
					<ExactDateTime>2000-04-07</ExactDateTime>
				</DateTime>
				<Type>
					<Text>Checkup Examination</Text>
					<Code>
						<Value>GENRL</Value>
						<CodingSystem>2.16.840.1.113883.5.4</CodingSystem>
					</Code>
				</Type>
				<Source><Actor><ActorID>8a54f393-8015-460c-abd2-f29aad15481c</ActorID></Actor></Source>
				<Locations>
					<Location><Actor><ActorID>2.16.840.1.113883.19.5</ActorID></Actor></Location>
				</Locations>
			</Encounter>
		</Encounters>
		<!-- 
********************************************************
Plan of Care section
********************************************************
-->
		<PlanOfCare>
			<Plan>
				<CCRDataObjectID>aaad1bac-17d3-4195-89a4-1121bc809b4a</CCRDataObjectID>
				<Source><Actor><ActorID>8a54f393-8015-460c-abd2-f29aad15481c</ActorID></Actor></Source>
				<OrderRequest>
					<CCRDataObjectID>bbbd1bac-17d3-4195-89a4-1121bc809b4a</CCRDataObjectID>
					<DateTime>
						<Type>
							<Text>Requested date</Text>
						</Type>
						<ExactDateTime>2000-04-21</ExactDateTime>
					</DateTime>
					<Status>
						<Text>Ordered</Text>
					</Status>
					<Source><Actor><ActorID>8a54f393-8015-460c-abd2-f29aad15481c</ActorID></Actor></Source>
					<Procedures>
						<Procedure>
							<CCRDataObjectID>9a6d1bac-17d3-4195-89a4-1121bc809b4a</CCRDataObjectID>
							<Type>
								<Text>Pulmonary function test</Text>
								<Code>
									<Value>23426006</Value>
									<CodingSystem>SNOMED CT</CodingSystem>
								</Code>
							</Type>
							<Source><Actor><ActorID>8a54f393-8015-460c-abd2-f29aad15481c</ActorID></Actor></Source>
						</Procedure>
					</Procedures>
				</OrderRequest>
			</Plan>
		</PlanOfCare>
		<!-- 
********************************************************
Healthcare providers
********************************************************
-->
		<HealthCareProviders>
			<Provider>
				<ActorID>20cf14fb-b65c-4c8c-a54d-b0cca834c18c</ActorID>
				<ActorRole>
					<Text>Primary Care Provider</Text>
					<Code>
						<Value>PCP</Value>
						<CodingSystem>2.16.840.1.113883.5.88</CodingSystem>
					</Code>
				</ActorRole>
			</Provider>
		</HealthCareProviders>
	</Body>
	<!-- 
********************************************************
  CCR Footer
********************************************************
-->
	<!-- 
********************************************************
  Actors
********************************************************
-->
	<Actors>
<!--
Actor Persons
-->
<!-- Patient -->
			<Actor>
			<ActorObjectID>2-16-840-1-113883-19-5-996756495</ActorObjectID>
			<Person>
				<Name>
					<CurrentName>
						<Given>Henry</Given>
						<Family>Levin</Family>
						<Suffix>the 7th</Suffix>
					</CurrentName>
				</Name>
				<DateOfBirth>
					<ExactDateTime>1932-09-24</ExactDateTime>
				</DateOfBirth>
				<Gender>
					<Text>Male</Text>
					<Code>
						<Value>M</Value>
						<CodingSystem>2.16.840.1.113883.5.1</CodingSystem>
					</Code>
				</Gender>
			</Person>
			<IDs>
				<Type><Text>Patient ID</Text></Type>
				<ID>2-16-840-1-113883-19-5-996756495</ID>
				<IssuedBy><ActorID>2.16.840.1.113883.19.5</ActorID></IssuedBy>
				<Source><Actor><ActorID>8a54f393-8015-460c-abd2-f29aad15481c</ActorID></Actor></Source>
			</IDs><IDs>
				<Type><Text>Covered party ID</Text></Type>
				<ID>14d4a520-7aae-11db-9fe1-0800200c9a66</ID>
				<IssuedBy><ActorID>329fcdf0-7ab3-11db-9fe1-0800200c9a66</ActorID></IssuedBy>
				<Source><Actor><ActorID>8a54f393-8015-460c-abd2-f29aad15481c</ActorID></Actor></Source>
			</IDs>
			<Source><Actor><ActorID>8a54f393-8015-460c-abd2-f29aad15481c</ActorID></Actor></Source>
		</Actor>	
<!-- Primary care provider -->
		<Actor>
			<ActorObjectID>20cf14fb-b65c-4c8c-a54d-b0cca834c18c</ActorObjectID>
			<Person>
				<Name>
					<CurrentName>
						<Given>Robert</Given>
						<Family>Dolin</Family>
						<Title>Dr.</Title>
					</CurrentName>
				</Name>
			</Person>
			<IDs>
				<ID>20cf14fb-b65c-4c8c-a54d-b0cca834c18c</ID>
				<IssuedBy>
					<ActorID>2.16.840.1.113883.19.5</ActorID>
				</IssuedBy>
				<Source><Actor><ActorID>8a54f393-8015-460c-abd2-f29aad15481c</ActorID></Actor></Source>
			</IDs>
			<Source><Actor><ActorID>8a54f393-8015-460c-abd2-f29aad15481c</ActorID></Actor></Source>
		</Actor>
<!-- Guardian -->
		<Actor>
			<ActorObjectID>4ff51570-83a9-47b7-91f2-93ba30373141</ActorObjectID>
			<Person>
				<Name>
					<CurrentName>
						<Given>Kenneth</Given>
						<Family>Ross</Family>
					</CurrentName>
				</Name>
			</Person>
			<Address>
				<Line1>17 Daws Rd.</Line1>
				<City>Blue Bell</City>
				<State>MA</State>
				<PostalCode>02368</PostalCode>
			</Address>
			<Telephone>
				<Value>tel:(888)555-1212</Value>
			</Telephone>
			<Source><Actor><ActorID>8a54f393-8015-460c-abd2-f29aad15481c</ActorID></Actor></Source>
		</Actor>
<!-- Mother -->
		<Actor>
			<ActorObjectID>4ac71514-6a10-4164-9715-f8d96af48e6d</ActorObjectID>
			<Person>
				<Name>
					<CurrentName>
						<Given>Henrietta</Given>
						<Family>Levin</Family>
					</CurrentName>
				</Name>
				<DateOfBirth><ExactDateTime>1912</ExactDateTime></DateOfBirth>
				<Gender>
					<Text>Female</Text>
				<Code>
					<Value>F</Value>
					<CodingSystem>2.16.840.1.113883.5.1</CodingSystem>
				</Code>
			</Gender>
			</Person>
			<Relation>
				<Text>Biological mother</Text>
				<Code>
					<Value>65656005</Value>
					<CodingSystem>SNOMED CT</CodingSystem>
				</Code>
			</Relation>
			<Telephone>
				<Value>tel:(999)555-1212</Value>
			</Telephone>
			<Source><Actor><ActorID>8a54f393-8015-460c-abd2-f29aad15481c</ActorID></Actor></Source>
		</Actor>
<!-- Father -->
		<Actor>
			<ActorObjectID>8854f393-8015-460c-abd2-f29aad15481c</ActorObjectID>
			<Person>
				<Name>
					<CurrentName>
						<Given>Henry</Given>
						<Family>Levin</Family>
						<Suffix>the 6th</Suffix>
					</CurrentName>
				</Name>
				<DateOfBirth><ExactDateTime>1912</ExactDateTime></DateOfBirth>
				<Gender>
					<Text>Male</Text>
				<Code>
					<Value>M</Value>
					<CodingSystem>2.16.840.1.113883.5.1</CodingSystem>
				</Code>
			</Gender>
			</Person>
			<Relation>
				<Text>Biological father</Text>
				<Code>
					<Value>9947008</Value>
					<CodingSystem>SNOMED CT</CodingSystem>
				</Code>
			</Relation>
			<Telephone>
				<Value>tel:(999)555-1212</Value>
			</Telephone>
			<Source><Actor><ActorID>8a54f393-8015-460c-abd2-f29aad15481c</ActorID></Actor></Source>
		</Actor>
<!--
Actor Organizations
-->
<!-- Good Health Clinic -->
		<Actor>
			<ActorObjectID>2.16.840.1.113883.19.5</ActorObjectID>
			<Organization>
				<Name>Good Health Clinic</Name>
			</Organization>
			<Source><Actor><ActorID>8a54f393-8015-460c-abd2-f29aad15481c</ActorID></Actor></Source>
		</Actor>
<!-- Good Health Insurance -->
		<Actor>
			<ActorObjectID>329fcdf0-7ab3-11db-9fe1-0800200c9a66</ActorObjectID>
			<Organization>
				<Name>Good Health Insurance</Name>
			</Organization>
			<Source><Actor><ActorID>8a54f393-8015-460c-abd2-f29aad15481c</ActorID></Actor></Source>
		</Actor>
<!-- Good Health Prostheses Company -->
		<Actor>
			<ActorObjectID>0abea950-5b40-4b7e-b8d9-2a5ea3ac5500</ActorObjectID>
			<Organization>
				<Name>Good Health Prostheses Company</Name>
			</Organization>
			<Source><Actor><ActorID>8a54f393-8015-460c-abd2-f29aad15481c</ActorID></Actor></Source>
		</Actor>
<!--
Actor Information Systems
-->
<!-- CCD authoring device -->
		<Actor>
			<ActorObjectID>8a54f393-8015-460c-abd2-f29aad15481c</ActorObjectID>
			<InformationSystem>
				<Name>Good Health Clinic System v1.0</Name>
			</InformationSystem>
			<Source><Actor><ActorID>8a54f393-8015-460c-abd2-f29aad15481c</ActorID></Actor></Source>
		</Actor>
<!-- Immunization Tracking System -->
		<Actor>
			<ActorObjectID>c1a4582d-eade-44e0-9f04-7b70c96c5e51</ActorObjectID>
			<InformationSystem>
				<Name>Immunization Tracking System</Name>
			</InformationSystem>
			<Source><Actor><ActorID>8a54f393-8015-460c-abd2-f29aad15481c</ActorID></Actor></Source>
		</Actor>
<!--
Other Actors
-->
<!-- URL for referenced Advance directive document -->
		<Actor>
			<ActorObjectID>b50b7910-7ffb-4f4c-bbe4-177ed68cbbf3</ActorObjectID>
			<URL>
				<Value>AdvanceDirective.b50b7910-7ffb-4f4c-bbe4-177ed68cbbf3.pdf</Value>
			</URL>
			<Source><Actor><ActorID>8a54f393-8015-460c-abd2-f29aad15481c</ActorID></Actor></Source>
		</Actor>
	</Actors>
	<!-- 
********************************************************
  References
********************************************************
-->
	<References>
		<Reference>
			<ReferenceObjectID>b50b7910-7ffb-4f4c-bbe4-177ed68cbbf3</ReferenceObjectID>
			<Description>
				<Text>Advance directive</Text>
				<Code>
					<Value>371538006</Value>
					<CodingSystem>SNOMED CT</CodingSystem>
				</Code>
			</Description>
			<Source><ActorID>8a54f393-8015-460c-abd2-f29aad15481c</ActorID></Source>
			<Locations>
				<Location>
					<Actor>
						<ActorID>b50b7910-7ffb-4f4c-bbe4-177ed68cbbf3</ActorID>
					</Actor>
				</Location>
			</Locations>
		</Reference>
	</References>
	<!-- 
********************************************************
  Comments
********************************************************
-->
	<!-- 
********************************************************
  Signatures
********************************************************
-->
</ContinuityOfCareRecord>
